LJ2_index,LibriVox_id,Section,Authors,LJ2_file_count,Duration_wavs_min,Included_in_80_excerpts
101,7103,82,Bill Nye,60,6.0086923658352200,
102,11076,15,John Kendrick Bangs,188,21.74974300831440,
103,11336,19,Alphonse Daudet,83,6.625276455026460,1
104,11464,20,G. A. Henty,90,9.575936885865460,
105,11214,11,Hermocrates,55,6.441776832955400,
106,11201,11,Caroline E. Stackpole,129,15.186431783824600,1
107,11201,13,Caroline E. Stackpole,151,16.938081443688600,2
108,11201,16,Caroline E. Stackpole,127,14.108942365835200,1
109,11846,1,Marion Harland,73,6.967302532123960,3
110,11962,9,Richard A. Proctor,151,17.361024754346200,1
111,11962,31,Richard A. Proctor,36,4.502261526832960,
112,11086,24,Henry Charles Lea,46,5.658303476946330,
113,12057,4,Albert Payson Terhune,260,25.63627739984880,
114,11845,2,William Morris,87,10.648942365835200,1
115,11845,19,Alan S. Cole,56,7.168598639455780,1
116,11845,28,T. G. Jackson,59,7.495550075585790,1
117,10854,16,Hans Gross,173,17.856171012849600,
118,11318,24,George Walter Thornbury,68,7.083851095993950,
119,11739,2,François Fénelon,93,10.119246598639500,
120,8433,16,Harry A. Franck,65,7.379770408163270,
121,8433,20,Harry A. Franck,96,10.181353741496600,1
122,12252,12,Marcus Aurelius,186,15.025620181405900,
123,12453,27,H. L. Mencken,150,14.936334467120200,1
124,12453,39,H. L. Mencken,90,9.845610355253210,
125,12724,12,H. L. Mencken,200,22.430481481481500,
126,12723,17,Charles Mackay,104,11.483368858654600,1
127,11855,1,William Allan Hamor,66,8.091021541950120,
128,12828,23,John M. Burke,33,3.2226562736205600,1
129,12931,6,Herodotus,108,12.802356009070300,1
130,11716,33,Charles Morris,87,9.015524376417230,1
131,6807,10,President's Commission on the Accident at Three Mile Island,195,21.682404195011300,1
132,13536,4,Maria Parloa,43,4.382265873015870,1
133,13536,6,Maria Parloa,44,4.565751322751320,
134,13213,23,George Francis Scott-Elliot,149,16.394718253968300,
135,13391,8,Thomas Barlow Wood,127,14.876237150415700,1
136,13379,15,Harry Chase Brearley,118,13.009786470143600,1
137,13401,4,G. K. Chesterton,125,12.790356953892700,1
138,13429,46,Arthur L. Hayward,39,4.972352796674230,
139,13617,24,Edward Keble Chatterton,94,10.702696523053700,
140,13563,18,Thomas William Rhys-Davids,112,11.372805744520000,
141,13835,24,Niccolò Machiavelli,15,1.6784518140589600,
142,13789,5,Arthur L. Hayward,41,5.241359977324260,
143,13726,12,Caroline Kane Mills Everett,11,1.247610544217690,1
144,13666,37,Edward S. Creasy,101,12.262992630385500,
145,10961,55,Charles Lyell,108,13.114090702947800,1
146,14114,4,Robert Matteson Johnston,80,8.996696145124720,
147,3246,15,George and Alexander Sutherland,61,6.769836167800450,1
148,14442,38,Charles Eliot,92,9.680328042328040,1
149,14587,15,Charles Hanson Towne,128,13.376411186696900,
150,14372,3,Francis Whiting Halsey,53,5.563113567649280,
151,13917,7,Isaac M. Wise,102,11.582465230536700,
152,14976,18,G. F. Young,48,5.286674225245650,
153,15330,4,E. W. Nelson,113,14.989496031746000,1
154,15167,14,Theron Clark Crawford,64,7.00427059712774,1
155,15352,19,Booker T. Washington,63,7.466980914588060,
156,14991,35,H. Butler Clarke,135,15.045531179138300,
157,15179,23,Joseph Martin McCabe,71,8.39523261526833,
158,16353,6,Stanley Leathes,103,10.99734977324260,
159,15839,54,James Bass Mullinger,3,0.30785695389266800,
160,15839,57,James Bass Mullinger,90,11.106691987906300,
161,16744,29,Clements Robert Markham,72,8.180102040816330,
162,17247,28,Titus Livius,162,16.441818972033300,
163,17096,10,Leigh North,102,11.62017649281940,
164,18266,3,Beckles Willson,141,15.300763605442200,
165,19132,20,Gilbert Burnet,141,14.147915532879800,
166,19965,59,E. W. Brooks,36,3.931122448979590,
167,16253,30,A. A. Tilley,109,13.222840702947800,
168,20996,26,Edward Everett,89,8.744156651549510,1
201,11076,4,John Kendrick Bangs,152,17.384306878306900,
202,11464,10,G. A. Henty,133,14.163459750566900,
203,11962,29,Richard A. Proctor,149,16.90233125472410,
204,11086,37,Henry Charles Lea,56,6.920188964474680,
205,11086,78,Henry Charles Lea,49,5.727170256991690,
206,12057,8,Albert Payson Terhune,233,19.894229213907800,
207,12057,11,Albert Payson Terhune,161,14.66774395313680,
208,10854,13,Hans Gross,47,5.847810090702950,
209,11318,10,George Walter Thornbury,154,17.96045993953140,
210,8433,23,Harry A. Franck,64,7.473448979591840,
211,8433,27,Harry A. Franck,30,2.9936156462585000,
212,8433,30,Harry A. Franck,99,11.184939342403600,
213,12453,16,H. L. Mencken,124,12.98113000755860,
214,12724,2,H. L. Mencken,44,4.644974300831440,
215,12724,18,H. L. Mencken,149,12.744515684051400,
216,12723,6,Charles Mackay,112,12.881845049130800,
217,12723,20,Charles Mackay,98,10.004685185185200,
218,11855,2,William Allan Hamor,118,14.411086545729400,
219,11716,25,Charles Morris,173,16.516131708238900,
220,13536,2,Maria Parloa,30,2.834568783068780,
221,13536,5,Maria Parloa,59,5.4410466742252500,
222,13213,3,George Francis Scott-Elliot,181,19.86361696900980,
223,13213,15,George Francis Scott-Elliot,108,11.376739229024900,
224,13213,24,George Francis Scott-Elliot,130,13.416230914588100,
225,13379,2,Harry Chase Brearley,142,15.826277021919900,
226,13379,5,Harry Chase Brearley,58,6.760085789871500,
227,13401,17,G. K. Chesterton,54,5.542649659863950,
228,13429,47,Arthur L. Hayward,80,9.591700680272110,
229,13429,49,Arthur L. Hayward,26,3.254746409674980,
230,13617,26,Edward Keble Chatterton,98,10.58874716553290,
231,13563,13,F. Lenormant and E. Chevallier,84,9.02796447467876,
232,13835,21,Niccolò Machiavelli,32,4.00120559334845,
233,13835,23,Niccolò Machiavelli,11,1.3693815192743800,
234,13835,25,Niccolò Machiavelli,26,2.7647267573696100,
235,13789,11,Arthur L. Hayward,59,7.1371698790627400,
236,13726,13,Caroline Kane Mills Everett,75,7.912348261526830,
237,10961,51,Charles Lyell,86,11.011877928949400,
238,14114,8,Robert Matteson Johnston,61,7.280211073318220,
239,14114,10,Robert Matteson Johnston,45,5.138183862433860,
240,3246,7,George and Alexander Sutherland,12,1.5388752834467100,
241,3246,13,George and Alexander Sutherland,121,14.509676681783800,
242,14442,11,Charles Eliot,126,15.515197656840500,
243,14587,14,Charles Hanson Towne,110,10.823578609221500,
244,13917,20,Josephus,84,10.691973544973500,
245,14976,32,G. F. Young,76,9.1977067271353,
246,15330,8,Samuel Franklin Emmons,62,8.198690476190480,
247,15167,4,Theron Clark Crawford,30,3.8769406651549500,
248,15352,25,Booker T. Washington,126,13.316465986394600,
249,14991,12,Stanley Leathes,131,15.167819160997700,
250,14991,56,Richard C. Jebb,25,2.5609555933484500,
251,14991,61,William Barry,122,14.997815948601700,
252,15179,24,Joseph Martin McCabe,88,10.080813303099000,
253,16353,5,F. X. Kraus,131,15.27517365835220,
254,15839,44,James Gairdner,141,16.20535770975060,
255,15839,47,James Gairdner,6,0.7654213907785340,
256,16744,27,Gaspar Correa,123,14.963986961451200,
257,18266,4,David T. Valentine,62,7.710377551020410,
258,19132,19,Gilbert Burnet,145,14.824310846560800,
259,16253,29,A. F. Pollard,159,18.290763983371100,
260,19986,9,Joseph M. Walsh,139,15.458392101285000,
261,19986,10,Joseph M. Walsh,270,31.32654081632650,
262,20996,10,Benjamin Franklin,181,15.99633201058200,
263,20996,11,Benjamin Franklin,30,3.2749920634920600,
264,20996,18,Samuel Adams,160,15.470643235071800,
265,20996,24,Eliphalet Nott,26,2.4614365079365100,
266,20680,1,Charles Diehl,128,14.664944066515500,
267,20680,4,Charles Diehl,146,15.391413832199500,
301,11464,11,G. A. Henty,141,13.850735638699900,
302,11962,19,Richard A. Proctor,12,1.5785540438397600,
303,11086,21,Henry Charles Lea,25,3.382766628873770,
304,11086,22,Henry Charles Lea,34,4.1621069538926700,
305,11086,23,Henry Charles Lea,28,3.513882842025700,
306,11086,25,Henry Charles Lea,53,6.859988095238100,
307,11086,26,Henry Charles Lea,30,3.8353919123204800,
308,11086,27,Henry Charles Lea,45,5.2826948223733900,
309,11086,53,Henry Charles Lea,52,6.905083900226760,
310,11086,54,Henry Charles Lea,50,6.216349584278160,
311,11086,82,Henry Charles Lea,60,6.727430839002270,
312,11086,83,Henry Charles Lea,32,3.8481504157218400,
313,11086,84,Henry Charles Lea,46,5.926595993953140,
314,12057,7,Albert Payson Terhune,184,17.626160997732400,
315,12057,10,Albert Payson Terhune,193,19.04953306878310,
316,12057,12,Albert Payson Terhune,218,22.3262059712774,
317,11318,7,George Walter Thornbury,238,27.317991307634200,
318,11318,8,George Walter Thornbury,180,20.627244897959200,
319,8433,21,Harry A. Franck,83,9.567321806500380,
320,8433,24,Harry A. Franck,48,5.089731670445960,
321,8433,26,Harry A. Franck,51,6.113876606198030,
322,8433,29,Harry A. Franck,80,8.621863189720330,
323,12453,15,H. L. Mencken,255,19.264658163265300,
324,12453,35,H. L. Mencken,115,10.182495653817100,
325,12453,41,H. L. Mencken,43,4.345342970521540,
326,12453,43,H. L. Mencken,40,4.243885865457290,
327,12724,3,H. L. Mencken,206,20.940143990929700,
328,12724,13,H. L. Mencken,117,12.16877872260020,
329,12724,14,H. L. Mencken,103,10.063525132275100,
330,12724,19,H. L. Mencken,10,0.8423027210884350,
331,12723,7,Charles Mackay,104,11.891445200302300,
332,12723,8,Charles Mackay,78,9.552568783068780,
333,12723,9,Charles Mackay,100,11.03854724111870,
334,12723,32,Charles Mackay,82,9.549191609977320,
335,12723,33,Charles Mackay,114,14.002438019652300,
336,11716,17,Charles Morris,75,7.491242441421010,
337,11716,24,Charles Morris,51,5.456172146636430,
338,13536,3,Maria Parloa,65,7.791707671957670,
339,13213,1,George Francis Scott-Elliot,169,18.125243575207900,
340,13213,4,George Francis Scott-Elliot,160,17.342377928949400,
341,13213,7,George Francis Scott-Elliot,141,14.47056254724110,
342,13213,8,George Francis Scott-Elliot,128,13.914529856387000,
343,13379,13,Harry Chase Brearley,145,16.47795030234320,
344,13379,14,Harry Chase Brearley,63,7.662547052154200,
345,13379,16,Harry Chase Brearley,97,10.95126171579740,
346,13401,31,G. K. Chesterton,229,24.410945767195800,
347,13429,45,Arthur L. Hayward,48,6.276581254724110,
348,13835,22,Niccolò Machiavelli,64,7.63408843537415,
349,13789,28,Arthur L. Hayward,54,6.594444066515500,
350,13666,38,Edward S. Creasy,8,1.0150959939531400,
351,10961,52,Charles Lyell,55,7.093099584278160,
352,14114,3,Robert Matteson Johnston,49,5.731619236583520,
353,14114,5,Robert Matteson Johnston,48,5.728829931972790,
354,14114,11,Robert Matteson Johnston,78,8.91662320483749,
355,3246,5,George and Alexander Sutherland,64,7.994767195767200,
356,3246,6,George and Alexander Sutherland,97,11.36876738473170,
357,3246,8,George and Alexander Sutherland,123,14.632809334845000,
358,3246,9,George and Alexander Sutherland,72,8.855004535147390,
359,14442,2,Charles Eliot,4,0.5217588813303100,
360,14442,5,Charles Eliot,4,0.502312925170068,
361,14442,13,Charles Eliot,39,4.529655139833710,
362,14442,25,Charles Eliot,127,15.02886224489800,
363,14442,36,Charles Eliot,125,13.786186885865500,
364,14372,4,Francis Whiting Halsey,12,1.250204837490550,
365,15330,9,Samuel Franklin Emmons,25,3.276957105064250,
366,15167,13,Theron Clark Crawford,46,5.879832577475440,
367,15352,15,Booker T. Washington,92,10.5095880574452,
368,14991,11,J. B. Bury,193,22.24244463340890,
369,14991,41,Stanley Leathes,25,3.280097694633410,
370,14991,54,Richard C. Jebb,16,1.7699516250944800,
371,14991,62,William Barry,13,1.7658361678004500,
372,15839,49,James Gairdner,15,1.9240194633408900,
373,15839,56,James Bass Mullinger,14,1.611163643235070,
374,16744,28,Gaspar Correa,135,15.890783635676500,
375,20996,20,Alexander Hamilton,131,13.10394463340890,
376,20996,25,John Randolph,135,11.533804043839800,
377,20680,2,Charles Diehl,66,7.147486394557820,
401,11464,13,G. A. Henty,183,18.869001322751300,
402,11962,18,Richard A. Proctor,22,2.9092505668934200,
403,11962,22,Richard A. Proctor,17,2.055167233560090,
404,11962,23,Richard A. Proctor,114,13.256898337112600,
405,11086,19,Henry Charles Lea,34,4.251762282690850,
406,11086,20,Henry Charles Lea,34,4.0777222222222200,
407,11086,35,Henry Charles Lea,52,6.163897959183670,
408,11086,36,Henry Charles Lea,33,4.093465797430080,
409,11086,40,Henry Charles Lea,23,3.0041660997732400,
410,11086,41,Henry Charles Lea,24,3.036561602418750,
411,11086,75,Henry Charles Lea,64,7.938565381708240,
412,11086,76,Henry Charles Lea,44,5.291802721088440,
413,11086,77,Henry Charles Lea,51,5.9442688964474700,
414,11086,79,Henry Charles Lea,55,6.5890383597883600,
415,11086,80,Henry Charles Lea,62,7.169902872260020,
416,11086,81,Henry Charles Lea,57,6.823415910808770,
417,12057,5,Albert Payson Terhune,232,22.444736961451200,
418,12057,6,Albert Payson Terhune,213,18.77952626606200,
419,10854,14,Hans Gross,26,3.152875661375660,
420,11318,9,George Walter Thornbury,189,21.079206538170800,
421,11318,13,George Walter Thornbury,142,14.909839380196500,
422,8433,15,Harry A. Franck,46,4.845036659108090,
423,8433,18,Harry A. Franck,82,9.196998866213150,
424,8433,22,Harry A. Franck,59,6.725231859410430,
425,8433,25,Harry A. Franck,38,4.5056761148904000,
426,8433,28,Harry A. Franck,39,4.120692932728650,
427,12453,17,H. L. Mencken,25,2.9808868102796700,
428,12453,37,H. L. Mencken,52,4.58574754346183,
429,12453,40,H. L. Mencken,34,3.4710668934240400,
430,12453,42,H. L. Mencken,136,12.525008314436900,
431,12453,45,H. L. Mencken,39,3.5559234693877600,
432,12724,17,H. L. Mencken,185,17.824276077097500,
433,12724,20,H. L. Mencken,75,7.087519841269840,
434,12723,18,Charles Mackay,133,14.203457482993200,
435,12723,19,Charles Mackay,116,12.500073318216200,
436,12723,21,Charles Mackay,93,10.367675170068000,
437,11716,16,Charles Morris,71,8.135243197278910,
438,11716,20,Charles Morris,110,10.667004913076300,
439,11716,21,Charles Morris,73,7.393774943310660,
440,13213,10,George Francis Scott-Elliot,139,15.372999811035500,
441,13213,11,George Francis Scott-Elliot,162,18.419915721844300,
442,13213,21,George Francis Scott-Elliot,142,15.155865079365100,
443,13391,4,Thomas Barlow Wood,114,13.765995842781600,
444,13379,3,Harry Chase Brearley,137,14.283584467120200,
445,13379,4,Harry Chase Brearley,79,8.642705026455030,
446,13401,6,G. K. Chesterton,61,6.983870937263790,
447,13401,28,G. K. Chesterton,151,16.79950396825400,
448,13429,48,Arthur L. Hayward,61,7.515763605442180,
449,13617,23,Edward Keble Chatterton,118,12.631201436130000,
450,13563,7,Plutarch,60,7.431826908541190,
451,13835,14,Niccolò Machiavelli,20,2.5387052154195000,
452,13789,10,Arthur L. Hayward,60,7.774898715041570,
453,13726,7,Caroline Kane Mills Everett,38,4.514069160997730,
454,10961,53,Charles Lyell,85,10.668617724867700,
455,10961,54,Charles Lyell,97,12.398578420257000,
456,14114,7,Robert Matteson Johnston,79,9.12170275888133,
457,14114,12,Robert Matteson Johnston,78,9.025015495086920,
458,3246,10,George and Alexander Sutherland,109,12.900516439909300,
459,3246,11,George and Alexander Sutherland,73,9.012492252456540,
460,3246,12,George and Alexander Sutherland,97,11.615694822373400,
461,3246,14,George and Alexander Sutherland,40,5.483941798941800,
462,14442,8,Charles Eliot,64,7.568383975812550,
463,14442,12,Charles Eliot,58,7.121592970521540,
464,14442,41,Charles Eliot,176,19.14216477702190,
465,14372,5,Henry Wheaton,11,1.4241237717309100,
466,13917,9,John Henry Newman,135,15.210947656840500,
467,14976,20,G. F. Young,43,4.709906840513980,
468,15167,12,Theron Clark Crawford,61,6.559541383219960,
469,15352,18,Booker T. Washington,106,10.27339417989420,
470,15352,23,Booker T. Washington,69,7.866505857898720,
471,14991,42,A. W. Ward,144,18.77136810279670,
472,16353,7,Stanley Leathes,125,13.229572373393800,
473,17247,20,Titus Livius,162,17.765838624338600,
474,20996,12,Benjamin Franklin,75,7.147183484504910,
475,20996,22,Fisher Ames,168,14.043473922902500,
476,20680,3,Charles Diehl,76,8.57707634164777,